,house
129,3
130,4
131,1
132,2
133,1
134,1
135,3
136,5
137,1
138,5
139,1
140,4
141,0
142,4
143,0
144,3
145,3
146,2
147,4
148,3
149,3
150,5
151,4
152,3
153,5
154,3
155,2
156,3
157,2
158,3
159,2
160,2
161,4
162,2
163,2
164,1
165,4
166,2
167,2
168,1
169,3
170,3
171,2
172,3
173,2
174,2
175,2
176,2
177,5
178,2
179,3
180,3
181,4
182,4
183,4
184,2
185,5
186,1
187,0
188,1
189,1
190,1
191,0
192,1
193,5
194,0
195,3
196,1
197,1
198,1
199,1
200,1
201,0
202,0
203,1
204,1
205,0
206,0
207,0
208,0
209,1
210,1
211,3
212,1
213,1
214,1
215,3
216,5
217,4
218,0
219,2
220,1
221,1
222,1
223,1
224,2
225,2
226,2
227,0
228,4
229,4
230,1
231,0
232,2
233,1
234,5
235,1
236,2
237,5
238,1
239,0
240,0
241,1
242,1
243,4
244,0
245,3
246,1
247,3
248,2
249,1
250,1
251,5
252,3
253,5
254,1
387,4
388,4
389,5
390,0
391,0
392,4
393,2
394,5
395,5
396,1
397,0
398,4
399,0
400,1
401,2
402,3
403,4
404,5
405,3
406,0
407,3
408,0
409,5
410,0
411,4
412,3
413,1
414,4
415,4
416,4
417,5
418,0
419,4
420,4
421,2
422,2
423,4
424,0
425,0
426,2
427,4
428,2
429,2
430,5
431,2
432,3
433,1
434,4
435,0
436,4
437,3
438,4
439,4
440,1
441,1
442,1
443,3
444,4
445,4
446,2
447,2
448,2
449,0
450,4
451,1
452,1
453,4
520,2
521,0
522,3
523,3
524,3
525,1
526,2
527,3
528,4
529,5
530,3
531,3
532,3
533,3
534,0
535,2
536,3
537,2
538,3
539,4
540,1
541,0
542,2
543,2
544,2
545,2
546,3
547,5
548,1
549,5
550,3
551,4
552,5
553,2
554,0
555,0
556,3
557,5
558,5
559,1
560,2
561,4
562,4
563,1
564,2
565,3
566,2
567,3
568,2
569,3
570,1
571,0
572,0
573,3
574,3
575,3
576,0
577,3
578,2
579,3
580,5
581,0
582,5
583,3
584,0
585,2
586,5
587,1
588,4
589,2
590,5
591,4
592,3
593,0
594,5
595,1
596,1
597,2
598,0
599,2
600,5
601,4
602,2
603,3
604,1
605,0
606,3
607,4
608,0
609,5
610,1
611,3
612,3
613,1
614,3
615,3
616,2
617,2
618,5
619,2
620,0
621,2
622,2
623,2
624,0
625,0
626,2
627,4
628,0
629,0
630,0
631,2
632,5
633,3
634,2
635,3
636,2
637,2
638,5
639,2
640,2
641,3
642,3
643,0
644,5
645,2
646,2
647,2
648,5
649,2
650,5
651,5
652,3
653,0
654,0
655,5
656,4
657,0
658,4
659,4
660,0
661,5
662,4
663,0
664,4
665,4
666,4
667,3
668,5
669,4
670,4
671,3
672,0
673,4
674,4
675,5
676,5
677,0
678,4
679,4
680,3
681,0
682,4
683,2
684,5
685,2
686,2
687,5
688,4
689,4
690,4
691,4
692,4
693,4
694,4
695,0
696,4
697,1
698,4
699,3
700,3
701,4
702,1
703,0
704,0
705,4
706,4
707,4
708,0
709,2
710,0
711,2
712,4
713,4
714,3
715,4
716,4
717,2
718,4
848,3
849,0
850,4
851,4
852,3
853,4
854,2
855,5
856,4
857,4
858,0
859,3
860,2
861,0
862,0
863,5
864,2
865,0
866,3
867,5
868,3
869,0
870,2
871,3
872,5
873,3
874,3
875,3
876,3
877,5
878,5
879,5
880,2
881,0
882,2
883,2
884,2
885,2
886,2
887,4
888,0
889,3
890,4
891,2
892,0
893,2
894,3
895,2
896,0
897,0
898,0
899,3
900,3
901,4
902,0
903,3
904,2
905,2
906,5
907,4
908,2
909,1
910,0
911,2
912,2
1496,3
1497,4
1498,2
1499,3
1500,3
1501,2
1502,0
1503,4
1504,5
1505,5
1506,2
1507,5
1508,1
1509,4
1510,5
1511,2
1512,5
1513,3
1514,4
1515,5
1516,0
1517,4
1518,4
1519,4
1520,3
1521,3
1522,0
1523,1
1524,5
1525,0
1526,4
1527,5
1528,0
1529,3
1530,3
1531,0
1532,5
1533,5
1534,2
1535,5
1536,2
1537,2
1538,1
1539,1
1540,3
1541,0
1542,5
1543,3
1544,5
1545,3
1546,0
1547,0
1548,5
1549,5
1550,3
1551,4
1552,1
1553,3
1554,1
1555,5
1556,4
1557,5
1558,5
1559,2
1560,5
1561,5
1562,1
1563,0
1564,5
1565,1
1566,3
1567,4
1568,5
1569,3
1570,5
1571,1
1572,1
1573,3
1574,3
1575,4
1576,1
1577,4
1578,3
1579,5
1580,2
1581,5
1582,3
1583,0
1584,0
1585,1
1586,4
1587,4
1588,2
1589,3
1590,0
1591,5
1592,0
1593,0
1594,3
1595,3
1596,5
1597,5
1598,5
1599,3
1600,3
1601,3
1602,0
1603,0
1604,0
1605,3
1606,3
1607,3
1608,3
1609,0
1610,2
1611,3
1612,1
1613,4
1614,5
1615,5
1616,3
1617,3
1618,3
1619,4
1620,2
1621,0
1622,3
1623,5
1624,1
1625,5
1626,2
1627,4
1628,3
1629,3
1630,0
1631,3
1632,2
1633,0
1634,5
1635,2
1636,2
1637,4
1638,2
1639,4
1640,5
1641,1
1642,2
1643,4
1644,1
1645,4
1646,3
1647,3
1648,3
1649,3
1650,4
1651,0
1652,3
1653,1
1654,4
1655,2
1656,4
1657,1
1658,0
1659,5
1660,5
1661,4
1662,4
1663,4
1664,2
1665,2
1666,2
1667,3
1668,3
1669,4
1670,2
1671,0
1672,0
1673,5
1674,5
1675,1
1676,2
1677,5
1678,1
1679,2
1680,2
1681,0
1682,1
1683,1
1684,2
1685,2
1686,4
1687,0
1688,0
1689,4
1690,4
1691,2
1692,5
1693,2
1694,2
1695,2
1696,2
1760,5
1761,1
1762,0
1763,3
1764,5
1765,4
1766,2
1767,3
1768,3
1769,4
1770,3
1771,3
1772,3
1773,2
1774,2
1775,0
1776,3
1777,1
1778,4
1779,3
1780,0
1781,0
1782,3
1783,3
1784,2
1785,2
1786,3
1787,3
1788,2
1789,0
1790,3
1791,3
1792,2
1793,2
1794,2
1795,4
1796,3
1797,3
1798,5
1799,2
1800,4
1801,4
1802,3
1803,0
1804,2
1805,3
1806,2
1807,2
1808,5
1809,3
1810,3
1811,3
1812,1
1813,3
1814,3
1815,4
1816,1
1817,3
1818,4
1819,1
1820,4
1821,2
1822,1
1823,3
1824,5
1825,0
1826,4
1827,3
1828,1
1829,4
1830,1
1831,0
1832,2
1833,0
1834,0
1835,1
1836,0
1837,0
1838,1
1839,5
1840,1
1841,4
1842,5
1843,1
1844,3
1845,0
1846,4
1847,2
1848,1
1849,1
1850,3
1851,3
1852,3
1853,0
1854,2
1855,3
1856,0
1857,2
1858,1
1859,2
1860,3
1861,3
1862,0
1863,0
1864,0
1865,0
1866,5
1867,5
1868,1
1869,3
1870,3
1871,3
1872,3
1873,2
1874,0
1875,5
1876,5
1996,1
1997,1
1998,5
1999,3
2000,1
2001,0
2002,4
2003,5
2004,1
2005,4
2006,1
2007,3
2008,1
2009,1
2010,4
2011,4
2012,1
2013,2
2014,3
2015,3
2016,0
2017,0
2018,5
2019,1
2020,4
2021,1
2022,3
2023,0
2024,1
2025,5
2026,5
2027,0
2028,4
2029,1
2030,1
2031,1
2032,3
2033,2
2034,2
2035,2
2036,4
2037,1
2038,1
2039,0
2040,0
2041,1
2042,1
2043,5
2044,4
2045,5
2046,2
2047,5
2048,4
2049,4
2050,1
2051,1
2052,4
2053,1
2054,4
2055,1
2056,1
2057,4
2058,1
2059,1
2060,4
2061,5
2062,3
2063,1
2186,3
2187,5
2188,0
2189,0
2190,5
2191,0
2192,5
2193,0
2194,0
2195,5
2196,0
2197,3
2198,4
2199,1
2200,0
2201,2
2202,3
2203,5
2204,0
2205,5
2206,0
2207,0
2208,4
2209,3
2210,4
2211,5
2212,2
2213,0
2214,0
2215,5
2216,0
2217,3
2218,2
2219,4
2220,2
2221,2
2222,3
2223,0
2224,0
2225,2
2226,2
2227,2
2228,2
2229,0
2230,5
2231,5
2232,0
2233,5
2234,3
2235,5
2236,4
2237,3
2238,0
2239,0
2240,0
2241,0
2242,3
2243,0
2244,1
2245,0
2246,0
2247,3
2248,1
2249,0
2250,5
2251,0
2252,5
2253,3
2587,0
2588,0
2589,3
2590,5
2591,5
2592,1
2593,1
2594,3
2595,5
2596,4
2597,5
2598,1
2599,0
2600,1
2601,3
2602,0
2603,1
2604,3
2605,5
2606,4
2607,2
2608,5
2609,4
2610,5
2611,0
2612,5
2613,5
2614,0
2615,1
2616,1
2617,0
2618,2
2619,5
2620,5
2621,0
2622,0
2623,4
2624,0
2625,2
2626,2
2627,0
2628,0
2629,0
2630,0
2631,5
2632,5
2633,4
2634,4
2635,2
2636,4
2637,4
2638,2
2639,5
2640,1
2641,4
2642,5
2643,0
2644,0
2645,4
2646,5
2647,0
2648,1
2649,3
2650,4
2651,3
2652,4
2653,5
2654,5
2655,0
2656,1
2657,4
2658,5
2659,3
2660,2
2661,1
2662,4
2663,4
2664,0
2665,4
2666,1
2667,5
2668,3
2669,3
2670,3
2671,4
2672,5
2673,4
2674,4
2675,2
2676,5
2677,2
2678,2
2679,3
2680,1
2681,1
2682,1
2683,3
2684,1
2685,1
2686,3
2687,0
2688,5
2689,4
2690,1
2691,4
2692,5
2693,2
2694,2
2695,0
2696,0
2697,3
2698,3
2699,4
2700,3
2701,2
2702,3
2703,2
2704,1
2705,0
2706,0
2707,4
2708,2
2709,0
2710,5
2711,0
2712,0
2713,0
2714,3
2715,3
2716,1
2717,2
2718,4
2719,1
2720,3
2721,1
2722,0
2723,1
2724,2
2725,0
2726,1
2727,1
2728,2
2729,3
2730,1
2731,0
2732,0
2733,5
2734,3
2735,4
2736,4
2737,3
2738,1
2739,0
2740,5
2741,5
2742,0
2743,0
2744,0
2745,3
2746,3
2747,0
2748,2
2749,2
2750,1
2751,4
2752,1
2753,1
2754,3
2755,0
2756,2
2757,5
2758,2
2759,1
2760,4
2761,1
2762,4
2763,0
2764,0
2765,3
2766,3
2767,4
2768,3
2769,5
2770,3
2771,2
2772,0
2773,2
2774,3
2775,3
2776,1
2777,5
2778,0
2779,4
2780,5
2781,3
2782,2
2783,2
2784,4
2785,4
2786,2
2787,0
2788,4
2789,2
2790,4
2791,4
2792,3
2793,4
2794,0
2795,4
2796,4
2797,3
2798,0
2799,5
2800,4
2801,4
2802,4
2803,4
2804,4
2805,1
2806,4
2807,5
2808,4
2809,5
2810,3
2811,4
2812,4
2813,4
2814,1
2815,3
2816,4
2817,4
2818,1
2819,4
2820,4
2821,5
2822,4
2823,4
2824,4
2825,4
2826,1
2827,4
2828,4
2829,4
2830,4
2831,5
2832,4
2833,4
2834,4
2835,4
2836,4
2837,1
2838,3
2839,4
2975,3
2976,3
2977,3
2978,3
2979,5
2980,3
2981,5
2982,5
2983,5
2984,3
2985,0
2986,4
2987,0
2988,0
2989,0
2990,2
2991,2
2992,2
2993,0
2994,2
2995,3
2996,0
2997,5
2998,3
2999,4
3000,5
3001,3
3002,3
3003,1
3004,3
3005,5
3006,0
3007,4
3008,3
3009,4
3010,4
3011,4
3012,4
3013,4
3014,5
3015,5
3016,4
3017,4
3018,5
3019,0
3020,3
3021,3
3022,4
3023,4
3024,4
3025,4
3026,1
3027,4
3028,4
3029,1
3030,1
3031,4
3032,5
3033,5
3034,2
3035,3
3036,5
3037,0
3038,0
3039,5
3040,3
3041,0
3042,4
3097,3
3098,5
3099,3
3100,1
3101,5
3102,3
3103,3
3104,3
3105,4
3106,1
3107,0
3108,0
3109,3
3110,3
3111,5
3112,3
3113,5
3114,2
3115,3
3116,3
3117,2
3118,0
3119,2
3120,3
3121,0
3122,2
3123,0
3124,1
3125,1
3126,2
3127,3
3128,4
3129,0
3130,3
3131,5
3132,5
3133,5
3134,5
3135,5
3136,5
3137,1
3138,1
3139,1
3140,3
3141,5
3142,3
3143,1
3144,0
3145,4
3146,2
3147,2
3148,5
3149,3
3150,3
3151,1
3152,1
3153,0
3154,0
3155,3
3156,2
3157,4
3158,2
3159,3
3160,4
3161,4
3162,5
3163,2
3164,3
3293,5
3294,0
3295,0
3296,3
3297,3
3298,4
3299,2
3300,1
3301,1
3302,1
3303,1
3304,3
3305,1
3306,5
3307,4
3308,5
3309,3
3310,1
3311,3
3312,1
3313,0
3314,0
3315,5
3316,1
3317,5
3318,3
3319,1
3320,0
3321,4
3322,5
3323,4
3324,5
3325,2
3326,0
3327,5
3328,5
3329,0
3330,2
3331,2
3332,1
3333,1
3334,1
3335,1
3336,2
3337,1
3338,2
3339,1
3340,2
3341,4
3342,0
3343,1
3344,4
3345,0
3346,0
3347,1
3348,1
3349,1
3350,1
3351,2
3352,1
3353,3
3354,0
3355,1
3356,4
3357,4
3358,2
3359,1
3360,1
3361,4
3362,1
3363,5
3364,4
3365,4
3366,0
3367,2
3368,0
3369,5
3370,4
3371,4
3372,4
3373,3
3374,3
3375,4
3376,1
3377,1
3378,2
3379,1
3380,1
3381,3
3382,0
3383,4
3384,0
3385,4
3386,4
3387,0
3388,1
3389,3
3390,4
3391,0
3392,3
3393,3
3394,3
3395,4
3396,4
3397,4
3398,4
3399,4
3400,1
3401,2
3402,4
3403,4
3404,2
3405,5
3406,2
3407,3
3408,4
3409,1
3410,4
3411,0
3412,1
3413,4
3414,4
3415,4
3416,4
3417,4
3418,4
3419,0
3420,0
3421,4
3422,2
3423,5
3424,1
3425,0
3426,4
3562,1
3563,1
3564,1
3565,3
3566,0
3567,0
3568,5
3569,0
3570,3
3571,1
3572,1
3573,1
3574,1
3575,5
3576,0
3577,1
3578,0
3579,1
3580,1
3581,0
3582,0
3583,0
3584,1
3585,1
3586,0
3587,1
3588,1
3589,0
3590,5
3591,5
3592,4
3593,0
3594,5
3595,1
3596,1
3597,1
3598,1
3599,4
3600,4
3601,1
3602,0
3603,1
3604,1
3605,3
3606,0
3607,3
3608,5
3609,5
3610,1
3611,0
3612,5
3613,1
3614,4
3615,4
3616,0
3617,0
3618,1
3619,0
3620,3
3621,1
3622,3
3623,1
3624,1
3625,1
3626,5
3627,4
3628,1
3629,1
3630,0
3631,0
3632,1
3633,0
3634,3
3635,4
3636,5
3637,1
3638,2
3639,1
3640,2
3641,0
3642,2
3643,4
3644,4
3645,4
3646,3
3647,2
3648,5
3649,1
3650,4
3651,0
3652,0
3653,0
3654,0
3655,0
3656,4
3657,1
3658,5
3659,2
3660,5
3661,0
3662,2
3663,2
3664,2
3665,2
3666,2
3667,3
3668,3
3669,2
3670,4
3671,0
3672,0
3673,5
3674,3
3675,1
3676,3
3677,2
3678,2
3679,1
3680,1
3681,1
3682,2
3683,2
3684,4
3685,1
3686,1
3687,0
3688,4
3689,0
3690,5
3691,5
3692,0
3693,2
3694,2
3695,4
3696,4
3697,5
3698,5
3699,4
3700,0
3701,4
3702,0
3703,2
3704,4
3705,1
3706,4
3707,2
3708,0
3709,4
3710,3
3711,1
3712,2
3713,1
3714,1
3715,4
3716,0
3717,4
3718,3
3719,0
3720,4
3721,1
3722,1
3723,3
3724,2
3725,1
3726,3
3727,2
3728,3
3729,2
3730,2
3731,2
3732,0
3733,0
3734,2
3735,2
3736,0
3737,0
3738,2
3739,5
3740,5
3741,3
3742,2
3743,1
3744,2
3745,2
3746,3
3747,0
3748,0
3749,4
3750,4
3751,4
3752,0
3753,0
3754,2
3755,2
3756,2
3757,1
3758,2
3759,2
3760,0
3761,4
3762,4
3763,5
3764,1
3765,0
3766,5
3767,4
3768,4
3769,2
3770,5
3771,4
3772,5
3773,3
3774,0
3775,5
3776,5
3777,0
3778,5
3779,0
3780,0
3781,4
3782,5
3783,2
3784,0
3785,3
3786,1
3787,4
3788,3
3789,2
3790,5
3791,0
3792,2
3793,3
3794,5
3795,5
3796,1
3797,4
3798,4
3799,0
3800,5
3801,5
3802,5
3803,5
3804,5
3805,5
3806,1
3807,5
3808,5
3809,5
3810,5
3811,3
3812,3
3813,5
3814,5
3815,4
3816,4
3817,5
3818,5
3819,5
3820,4
3821,2
3822,3
3823,2
3824,5
3825,0
3826,0
3827,4
3828,0
3829,3
3830,0
3831,0
3832,0
3833,0
3834,0
3835,0
3836,5
3837,0
3838,4
3839,1
3840,0
3841,3
3842,5
3843,1
3844,0
3845,4
3846,0
3847,0
3848,0
3849,5
3850,1
3851,0
3852,5
3853,0
3854,5
3855,5
3856,0
3857,0
3858,5
3859,0
3860,3
3861,2
3862,2
3863,0
3864,3
3865,3
3866,0
3867,0
3868,0
3869,5
3870,0
3871,0
3872,0
3873,3
3874,4
3875,0
3876,5
3877,2
3878,0
3879,0
3880,0
3881,5
3882,0
3883,0
3884,2
3885,2
3886,3
3887,0
3888,2
3889,2
3890,0
3891,3
3892,2
3893,0
3894,5
3895,2
3896,0
3897,2
3898,3
3899,5
3900,1
3901,4
3902,3
3903,4
3904,2
3905,1
3906,0
3907,0
3908,0
3909,0
3910,5
3911,3
3912,4
3913,4
3914,0
3915,0
3916,4
3917,5
3918,3
3919,0
3920,4
3921,4
3922,5
3923,2
3924,4
3925,3
3926,4
3927,4
3928,3
3929,4
3930,4
3931,4
3932,5
3933,4
3934,4
3935,5
3936,2
3937,4
3938,5
3939,0
3940,2
3941,0
3942,5
3943,3
3944,4
3945,4
3946,4
3947,4
3948,4
3949,0
3950,2
3951,2
3952,4
3953,3
3954,3
3955,5
3956,2
3957,0
3958,5
3959,0
3960,1
3961,1
3962,1
3963,0
3964,5
3965,5
3966,0
3967,1
3968,5
3969,1
3970,1
3971,1
3972,1
3973,0
3974,1
3975,0
3976,1
3977,0
3978,0
3979,1
3980,0
3981,1
3982,0
3983,0
3984,5
3985,1
3986,5
3987,2
3988,4
3989,5
3990,1
3991,1
3992,1
3993,0
3994,2
3995,2
3996,2
3997,0
3998,1
3999,1
4000,1
4001,0
4002,1
4003,1
4004,5
4005,2
4006,0
4007,1
4008,1
4009,5
4010,5
4011,0
4012,0
4013,1
4014,0
4015,3
4016,4
4017,4
4018,0
4019,5
4020,1
4021,5
4022,1
4023,5
4024,0
4025,3
4026,0
4027,3
4028,2
4029,2
4030,0
4031,3
4032,3
4033,0
4034,4
4035,0
4036,4
4037,4
4038,3
4039,0
4040,0
4041,1
4042,5
4043,0
4044,0
4045,2
4046,3
4047,3
4048,3
4049,0
4050,0
4051,4
4052,5
4053,0
4054,5
4055,0
4056,1
4057,0
4058,0
4059,4
4060,0
4061,0
4062,2
4063,5
4064,2
4065,2
4066,0
4067,1
4068,0
4069,0
4070,4
4071,3
4072,5
4073,4
4074,3
4075,0
4076,0
4077,0
4078,0
4079,3
4080,0
4081,0
4082,3
4083,0
4084,0
4085,3
4086,0
4087,2
4088,0
4089,5
4090,0
4091,5
4092,4
4093,5
4094,5
4095,5
4096,5
4097,5
4098,2
4099,3
4100,2
4101,4
4102,5
4103,4
4104,3
4105,2
4106,3
4107,1
4108,4
4109,2
4110,5
4111,0
4112,5
4113,3
4114,2
4115,3
4116,1
4117,5
4118,5
4119,3
4120,4
4121,1
4122,0
4123,0
4124,3
4125,5
4126,5
4127,5
4128,5
4129,2
4130,2
4131,1
4132,1
4133,5
4134,3
4135,5
4136,3
4137,0
4138,3
4139,5
4140,5
4141,1
4142,5
4143,1
4144,1
4145,4
4146,5
4147,4
4148,5
4149,5
4150,0
4151,4
4219,4
4220,0
4221,0
4222,5
4223,0
4224,0
4225,4
4226,0
4227,3
4228,1
4229,4
4230,4
4231,3
4232,4
4233,0
4234,0
4235,5
4236,5
4237,3
4238,3
4239,0
4240,0
4241,5
4242,3
4243,2
4244,2
4245,2
4246,0
4247,4
4248,5
4249,0
4250,0
4251,0
4252,0
4253,3
4254,3
4255,4
4256,0
4257,0
4258,0
4259,2
4260,0
4261,0
4262,3
4263,0
4264,0
4265,5
4266,2
4267,4
4268,5
4269,0
4270,1
4271,0
4272,0
4273,0
4274,0
4275,3
4276,0
4277,2
4278,2
4279,0
4280,3
4281,0
4282,5
4283,5
4284,2
4285,0
4286,0
4542,4
4543,4
4544,5
4545,4
4546,2
4547,0
4548,2
4549,0
4550,2
4551,4
4552,1
4553,4
4554,2
4555,0
4556,2
4557,2
4558,1
4559,2
4560,1
4561,1
4562,2
4563,0
4564,4
4565,0
4566,0
4567,4
4568,1
4569,3
4570,3
4571,2
4572,4
4573,3
4574,2
4575,3
4576,5
4577,5
4578,4
4579,2
4580,2
4581,2
4582,2
4583,0
4584,0
4585,2
4586,5
4587,2
4588,3
4589,2
4590,1
4591,0
4592,3
4593,3
4594,0
4595,0
4596,4
4597,4
4598,4
4599,0
4600,0
4601,0
4602,2
4603,2
4604,2
4605,0
4606,3
4607,5
4662,1
4663,1
4664,5
4665,4
4666,3
4667,3
4668,5
4669,3
4670,3
4671,2
4672,2
4673,0
4674,3
4675,3
4676,3
4677,3
4678,3
4679,0
4680,2
4681,3
4682,2
4683,0
4684,1
4685,2
4686,5
4687,3
4688,3
4689,3
4690,5
4691,0
4692,0
4693,2
4694,3
4695,3
4696,3
4697,1
4698,3
4699,3
4700,5
4701,3
4702,0
4703,5
4704,3
4705,3
4706,3
4707,3
4708,0
4709,1
4710,5
4711,2
4712,3
4713,3
4714,3
4715,4
4716,3
4717,2
4718,3
4787,5
4788,0
4789,5
4790,5
4791,5
4792,5
4793,0
4794,5
4795,3
4796,5
4797,5
4798,0
4799,5
4800,4
4801,0
4802,5
4803,1
4804,5
4805,5
4806,5
4807,3
4808,0
4809,5
4810,3
4811,5
4812,4
4813,0
4814,0
4815,3
4816,0
4817,2
4818,5
4819,0
4820,0
4821,2
4822,2
4823,4
4824,0
4825,5
4826,3
4827,3
4828,5
4829,2
4830,4
4831,2
4832,1
4900,3
4901,2
4902,1
4903,1
4904,0
4905,2
4906,5
4907,1
4908,2
4909,5
4910,4
4911,3
4912,5
4913,1
4914,3
4915,1
4916,2
4917,4
4918,5
4919,5
4920,4
4921,0
4922,4
4923,0
4924,5
4925,4
4926,2
4927,5
4928,5
4929,5
4930,5
4931,5
4932,5
4933,0
4934,2
4935,2
4936,3
4937,5
4938,5
4939,5
4940,2
4941,2
4942,2
4943,5
4944,5
4945,3
4946,4
4947,2
4948,2
4949,2
4950,3
4951,1
4952,1
4953,1
4954,5
4955,5
4956,4
4957,5
4958,3
4959,0
4960,0
4961,2
4962,5
4963,5
4964,5
4965,1
4966,5
4967,5
4968,5
4969,3
4970,1
4971,3
4972,2
4973,1
4974,5
4975,5
4976,0
4977,1
4978,3
4979,5
4980,5
4981,5
4982,1
4983,1
4984,3
4985,5
4986,0
4987,3
4988,3
4989,0
4990,5
4991,1
4992,5
4993,3
4994,2
4995,0
4996,1
4997,2
4998,0
4999,4
5000,3
5001,1
5002,2
5003,0
5004,0
5005,2
5006,2
5007,5
5008,5
5009,5
5010,2
5011,1
5012,4
5013,5
5014,0
5015,3
5016,3
5017,2
5018,5
5019,5
5020,5
5021,5
5022,3
5023,4
5024,0
5025,4
5026,4
5027,1
5028,3
5029,4
5030,5
5031,5
5032,0
5033,1
5626,1
5627,0
5628,2
5629,5
5630,3
5631,1
5632,2
5633,5
5634,3
5635,5
5636,3
5637,5
5638,0
5639,1
5640,3
5641,2
5642,5
5643,1
5644,4
5645,0
5646,4
5647,1
5648,4
5649,4
5650,1
5651,1
5652,4
5653,2
5654,0
5655,0
5656,2
5657,1
5658,2
5659,2
5660,2
5661,0
5662,0
5663,1
5664,2
5665,2
5666,2
5667,0
5668,0
5669,4
5670,5
5671,0
5672,3
5673,0
5674,2
5675,5
5676,2
5677,2
5678,5
5679,5
5680,2
5681,5
5682,5
5683,5
5684,3
5685,0
5686,0
5687,2
5688,2
5689,3
5690,0
5691,0
5692,0
5693,3
5694,0
5695,0
5696,1
5697,5
5698,3
5699,0
5700,1
5701,0
5702,0
5703,1
5704,5
5705,3
5706,5
5707,4
5708,4
5709,3
5710,0
5711,0
5712,0
5713,0
5714,4
5715,2
5716,0
5717,0
5718,0
5719,3
5720,3
5721,3
5722,0
5723,5
5724,5
5725,3
5726,4
5727,4
5728,0
5729,4
5730,3
5731,3
5732,4
5733,3
5734,5
5735,1
5736,2
5737,3
5738,5
5739,2
5740,3
5741,5
5742,5
5743,3
5744,3
5745,3
5746,0
5747,2
5748,4
5749,2
5750,5
5751,0
5752,0
5753,2
5754,3
5755,1
5756,2
5930,1
5931,1
5932,5
5933,0
5934,1
5935,2
5936,0
5937,3
5938,3
5939,1
5940,0
5941,1
5942,1
5943,0
5944,2
5945,1
5946,2
5947,1
5948,3
5949,0
5950,5
5951,3
5952,4
5953,3
5954,4
5955,4
5956,4
5957,4
5958,1
5959,0
5960,0
5961,3
5962,3
5963,3
5964,0
5965,1
5966,1
5967,1
5968,2
5969,4
5970,4
5971,1
5972,3
5973,1
5974,4
5975,5
5976,3
5977,5
5978,0
5979,5
5980,1
5981,1
5982,3
5983,3
5984,5
5985,0
5986,5
5987,0
5988,3
5989,5
5990,0
5991,3
5992,5
5993,0
5994,3
6063,1
6064,1
6065,2
6066,3
6067,3
6068,1
6069,2
6070,5
6071,2
6072,4
6073,1
6074,0
6075,1
6076,1
6077,1
6078,1
6079,1
6080,2
6081,0
6082,5
6083,0
6084,0
6085,1
6086,1
6087,4
6088,2
6089,1
6090,5
6091,1
6092,5
6093,5
6094,2
6095,5
6096,5
6097,5
6098,0
6099,2
6100,2
6101,2
6102,1
6103,2
6104,2
6105,2
6106,1
6107,0
6108,1
6109,2
6110,3
6111,2
6112,1
6113,1
6114,4
6115,4
6116,1
6117,1
6118,5
6119,2
6120,2
6121,1
6122,3
6123,0
6124,5
6125,1
6126,2
6127,1
6128,3
6129,5
6191,4
6192,4
6193,4
6194,4
6195,0
6196,4
6197,4
6198,5
6199,4
6200,4
6201,3
6202,4
6203,3
6204,5
6205,4
6206,4
6207,3
6208,1
6209,0
6210,1
6211,4
6212,0
6213,4
6214,0
6215,4
6216,1
6217,4
6218,5
6219,4
6220,5
6221,5
6222,4
6223,5
6224,4
6225,4
6226,4
6227,3
6228,0
6229,0
6230,5
6231,2
6232,4
6233,4
6234,5
6235,4
6236,4
6237,5
6238,2
6239,4
6240,2
6241,4
6242,4
6243,4
6244,4
6245,1
6246,1
6247,4
6248,5
6249,3
6250,2
6251,3
6252,3
6253,1
6254,0
6255,2
6256,3
6257,0
6258,4
6390,3
6391,0
6392,0
6393,5
6394,0
6395,0
6396,0
6397,0
6398,3
6399,4
6400,0
6401,0
6402,0
6403,1
6404,0
6405,2
6406,5
6407,0
6408,0
6409,0
6410,5
6411,0
6412,1
6413,3
6414,2
6415,3
6416,0
6417,3
6418,3
6419,5
6420,0
6421,3
6422,4
6423,2
6424,5
6425,5
6426,0
6427,4
6428,4
6429,2
6430,0
6431,2
6432,2
6433,0
6434,0
6435,2
6436,0
6437,4
6438,5
6439,4
6440,5
6441,0
6442,0
6443,0
6444,0
6445,2
6446,0
6447,3
6448,0
6449,0
6695,0
6696,0
6697,0
6698,0
6699,3
6700,0
6701,3
6702,5
6703,0
6704,5
6705,0
6706,0
6707,5
6708,1
6709,4
6710,1
6711,5
6712,1
6713,3
6714,3
6715,2
6716,0
6717,2
6718,1
6719,4
6720,4
6721,2
6722,0
6723,5
6724,4
6725,4
6726,1
6727,5
6728,1
6729,0
6730,0
6731,3
6732,3
6733,3
6734,2
6735,5
6736,5
6737,3
6738,0
6739,3
6740,5
6741,1
6742,2
6743,3
6744,1
6745,4
6746,4
6747,4
6748,4
6749,4
6750,2
6751,0
6752,4
6753,2
6754,1
6755,3
6756,5
6757,0
6758,5
6759,2
6760,5
6761,1
6762,0
6763,3
6764,3
6765,4
6766,2
6767,3
6768,3
6769,0
6770,2
6771,3
6772,5
6773,4
6774,3
6775,4
6776,1
6777,0
6778,3
6779,1
6780,3
6781,3
6782,2
6783,2
6784,0
6785,0
6786,4
6787,0
6788,3
6789,3
6790,3
6791,3
6792,2
6793,3
6794,3
6795,1
6796,2
6797,4
6798,4
6799,3
6800,0
6801,5
6802,4
6803,2
6804,2
6805,4
6806,3
6807,3
6808,3
6809,0
6810,1
6811,3
6812,2
6813,3
6814,3
6815,2
6816,1
7264,3
7265,5
7266,5
7267,5
7268,3
7269,0
7270,2
7271,4
7272,3
7273,2
7274,1
7275,5
7276,0
7277,2
7278,5
7279,1
7280,2
7281,2
7282,4
7283,3
7284,1
7285,3
7286,3
7287,3
7288,3
7289,5
7290,0
7291,0
7292,3
7293,0
7294,4
7295,4
7296,3
7297,5
7298,5
7299,1
7300,1
7301,2
7302,2
7303,3
7304,2
7305,5
7306,4
7307,2
7308,2
7309,3
7310,2
7311,2
7312,5
7313,3
7314,2
7315,2
7316,5
7317,2
7318,0
7440,3
7441,5
7442,2
7443,1
7444,4
7445,3
7446,2
7447,5
7448,4
7449,5
7450,5
7451,0
7452,5
7453,1
7454,5
7455,5
7456,2
7457,5
7458,3
7459,4
7460,5
7461,0
7462,0
7463,4
7464,4
7465,3
7466,3
7467,0
7468,5
7469,5
7470,3
7471,2
7472,2
7473,0
7474,5
7475,5
7476,3
7477,1
7478,1
7479,5
7480,2
7481,5
7482,5
7483,2
7484,5
7485,4
7486,3
7487,0
7488,3
7489,3
7490,3
7491,5
7492,2
7493,2
7494,5
7495,5
7496,0
7497,4
7498,5
7499,4
7500,0
7501,2
7502,5
7503,0
7504,5
7505,5
7506,5
7570,1
7571,3
7572,4
7573,3
7574,3
7575,1
7576,2
7577,0
7578,4
7579,1
7580,1
7581,1
7582,1
7583,5
7584,2
7585,2
7586,1
7587,3
7588,4
7589,1
7590,2
7591,0
7592,1
7593,1
7594,0
7595,1
7596,1
7597,0
7598,4
7599,5
7600,4
7601,0
7602,3
7603,4
7604,0
7605,0
7606,1
7607,4
7608,4
7609,1
7610,2
7611,4
7612,4
7613,2
7614,4
7615,2
7616,1
7617,2
7618,0
7619,0
7620,1
7621,4
7622,0
7623,0
7624,1
7625,1
7626,3
7627,1
7628,1
7629,3
7630,1
7631,0
7632,3
7633,1
7634,4
7635,4
7636,1
7637,1
7693,1
7694,1
7695,1
7696,3
7697,0
7698,2
7699,1
7700,0
7701,0
7702,2
7703,0
7704,2
7705,5
7706,1
7707,3
7708,3
7709,3
7710,1
7711,1
7712,5
7713,1
7714,5
7715,1
7716,4
7717,3
7718,5
7719,4
7720,4
7721,3
7722,1
7723,3
7724,0
7725,0
7726,4
7727,2
7728,2
7729,5
7730,0
7731,1
7732,4
7733,2
7734,0
7735,1
7736,0
7737,0
7738,0
7739,0
7740,1
7741,1
7742,5
7743,2
7744,4
7745,0
7746,1
7747,0
7748,1
7816,0
7817,0
7818,0
7819,0
7820,1
7821,0
7822,2
7823,5
7824,0
7825,0
7826,3
7827,0
7828,5
7829,4
7830,1
7831,4
7832,0
7833,5
7834,0
7835,2
7836,0
7837,0
7838,0
7839,0
7840,3
7841,2
7842,2
7843,5
7844,5
7845,1
7846,2
7847,2
7848,5
7849,0
7850,0
7851,0
7852,3
7853,1
7854,0
7855,3
7856,0
7857,4
7858,4
7859,5
7860,5
7861,2
7862,0
7863,0
7864,2
7865,1
7866,0
7867,0
7868,0
7869,0
7870,5
8267,1
8268,0
8269,0
8270,4
8271,4
8272,2
8273,2
8274,4
8275,2
8276,1
8277,5
8278,3
8279,5
8280,5
8281,1
8282,4
8283,0
8284,3
8285,0
8286,3
8287,3
8288,3
8289,4
8290,5
8291,5
8292,4
8293,2
8294,1
8295,0
8296,0
8297,3
8298,1
8299,1
8300,1
8301,4
8302,4
8303,4
8304,3
8305,0
8306,5
8307,1
8308,0
8309,3
8310,4
8311,0
8312,4
8313,0
8314,0
8315,5
8316,5
8317,4
8318,4
8319,5
8320,0
8321,2
8322,0
8323,1
8324,1
8325,4
8326,5
8327,0
8328,0
8329,3
8330,1
8331,3
8332,1
8333,2
8334,3
8335,5
8336,3
8337,3
8338,1
8339,3
8340,5
8341,1
8342,4
8343,0
8344,1
8345,1
8346,3
8347,3
8348,2
8349,0
8350,3
8351,1
8352,5
8353,3
8354,3
8355,4
8356,1
8357,0
8358,0
8359,5
8360,3
8361,3
8362,0
8363,2
8364,2
8365,0
8366,0
8367,0
8368,1
8369,5
8370,3
8371,2
8372,3
8373,5
8374,5
8375,5
8376,2
8377,2
8378,5
8379,3
8380,3
8381,3
8382,4
8383,2
8384,3
8385,5
8386,4
8387,5
8388,0
8389,3
8390,3
8391,3
8392,3
8393,5
8394,4
8395,4
8396,3
8397,1
8398,0
8399,5
8400,0
8401,3
8402,0
8403,0
8404,5
8405,0
8406,3
8407,0
8408,3
8409,3
8410,0
8411,5
8412,3
8413,3
8414,3
8415,4
8416,5
8417,0
8418,5
8419,3
8420,3
8421,5
8422,3
8423,3
8424,3
8425,3
8426,5
8427,5
8428,1
8429,5
8430,4
8431,4
8432,3
8433,0
8434,2
8435,3
8436,2
8437,3
8438,3
8439,3
8440,1
8441,0
8442,0
8443,3
8444,3
8445,0
8446,0
8447,1
8448,3
8449,4
8450,2
8451,0
8452,5
8453,5
8454,0
8455,2
8456,5
8500,1
8501,2
8502,5
8503,2
8504,3
8505,2
8506,5
8507,1
8508,5
8509,3
8510,3
8511,0
8512,2
8513,0
8514,0
8515,2
8516,2
8517,3
8518,5
8519,1
8520,4
8521,0
8522,4
8523,1
8524,0
8525,4
8526,2
8527,1
8528,1
8529,5
8530,0
8531,0
8532,2
8533,4
8534,4
8535,4
8536,4
8537,3
8538,3
8539,2
8540,0
8541,0
8542,0
8543,2
8544,5
8545,4
8546,2
8547,5
8548,1
8549,2
8550,3
8551,2
8552,0
8553,0
8554,5
8555,5
8556,0
8557,2
8558,2
8559,2
8560,1
8561,4
8562,5
8563,4
8564,2
8565,3
8566,1
8567,5
8568,2
8569,5
8570,5
8571,5
8572,4
8573,2
8574,1
8575,4
8576,3
8577,1
8578,3
8579,5
8580,5
8581,5
8582,4
8583,5
8584,1
8585,1
8586,1
8587,5
8588,0
8589,0
8590,3
8591,4
8592,5
8593,3
8594,4
8595,2
8596,3
8597,5
8598,0
8599,5
8600,5
8601,4
8602,0
8603,0
8604,2
8605,5
8606,5
8607,2
8608,0
8609,4
8610,5
8611,2
8612,1
8613,4
8614,3
8615,5
8616,1
8617,0
8618,4
8619,4
8620,2
8621,5
8622,5
8623,5
8624,5
8625,0
8824,3
8825,4
8826,1
8827,0
8828,4
8829,1
8830,0
8831,5
8832,1
8833,1
8834,3
8835,0
8836,5
8837,5
8838,4
8839,5
8840,2
8841,5
8842,0
8843,5
8844,3
8845,0
8846,5
8847,1
8848,5
8849,3
8850,2
8851,0
8852,1
8853,2
8854,0
8855,5
8856,3
8857,1
8858,1
8859,1
8860,2
8861,0
8862,0
8863,1
8864,0
8865,5
8866,5
8867,0
8868,2
8869,1
8870,1
8871,1
8872,0
8873,5
8874,3
8875,5
8876,1
8877,1
8878,5
8879,5
8880,3
8881,4
8882,0
8883,2
8884,4
8885,1
8886,2
8887,4
8888,5
8889,5
8890,5
8891,2
8959,0
8960,3
8961,2
8962,0
8963,5
8964,0
8965,4
8966,3
8967,1
8968,2
8969,0
8970,3
8971,1
8972,0
8973,5
8974,1
8975,1
8976,3
8977,3
8978,4
8979,0
8980,5
8981,0
8982,3
8983,3
8984,3
8985,3
8986,0
8987,2
8988,0
8989,0
8990,3
8991,1
8992,1
8993,0
8994,3
8995,3
8996,2
8997,5
8998,0
8999,0
9000,2
9001,0
9002,4
9003,4
9004,2
9005,0
9006,2
9007,5
9008,0
9009,0
9010,3
9011,3
9012,0
9013,1
9014,5
9015,2
9016,3
9017,2
9018,0
9019,0
9020,5
9021,0
9022,5
9023,1
9085,5
9086,5
9087,1
9088,3
9089,3
9090,4
9091,3
9092,4
9093,5
9094,1
9095,1
9096,1
9097,1
9098,3
9099,4
9100,4
9101,3
9102,1
9103,5
9104,0
9105,5
9106,3
9107,5
9108,3
9109,0
9110,1
9111,4
9112,5
9113,5
9114,0
9115,1
9116,1
9117,4
9118,1
9119,2
9120,2
9121,0
9122,3
9123,5
9124,5
9125,5
9126,5
9127,0
9128,1
9129,3
9130,2
9131,2
9132,5
9133,5
9134,1
9135,0
9136,2
9137,2
9138,4
9139,2
9140,1
9141,2
9142,4
9143,2
9144,0
9145,5
9257,4
9258,4
9259,4
9260,0
9261,4
9262,4
9263,4
9264,4
9265,4
9266,4
9267,4
9268,4
9269,3
9270,0
9271,4
9272,4
9273,4
9274,4
9275,4
9276,4
9277,0
9278,4
9279,0
9280,4
9281,4
9282,3
9283,4
9284,4
9285,4
9286,4
9287,4
9288,4
9289,5
9290,4
9291,4
9292,5
9293,1
9294,4
9295,4
9296,4
9297,0
9298,4
9299,5
9300,5
9301,4
9302,4
9303,4
9304,0
9305,4
9306,4
9307,2
9308,4
9309,4
9310,4
9311,4
9312,5
9313,0
9314,0
9315,0
9316,5
9317,0
9318,5
9319,0
9320,4
9321,4
9322,0
9323,3
9324,0
9325,1
9326,0
9327,2
9328,3
9329,3
9330,0
9331,1
9332,2
9333,0
9334,5
9335,1
9336,4
9337,2
9338,2
9339,4
9340,4
9341,2
9342,0
9343,5
9344,0
9345,0
9346,0
9347,0
9348,0
9349,0
9350,0
9351,2
9352,0
9353,2
9354,2
9355,0
9356,4
9357,0
9358,1
9359,2
9360,0
9361,4
9362,0
9363,5
9364,0
9365,0
9366,0
9367,0
9368,0
9369,0
9370,5
9371,0
9372,4
9373,0
9374,3
9375,0
9376,5
9377,0
9378,2
9379,0
9446,5
9447,1
9448,3
9449,3
9450,2
9451,1
9452,2
9453,3
9454,3
9455,5
9456,3
9457,3
9458,3
9459,3
9460,1
9461,2
9462,3
9463,3
9464,3
9465,0
9466,1
9467,0
9468,4
9469,3
9470,2
9471,3
9472,3
9473,5
9474,4
9475,5
9476,3
9477,5
9478,5
9479,5
9480,3
9481,3
9482,1
9483,4
9484,4
9485,1
9486,4
9487,2
9488,3
9489,5
9490,2
9491,3
9492,4
9493,0
9494,2
9562,1
9563,0
9564,0
9565,0
9566,3
9567,3
9568,2
9569,4
9570,4
9571,3
9572,1
9573,0
9574,5
9575,3
9576,5
9577,1
9578,1
9579,3
9580,0
9581,1
9582,0
9583,0
9584,5
9585,1
9586,4
9587,2
9588,0
9589,0
9590,5
9591,0
9592,2
9593,0
9594,2
9595,1
9596,4
9597,4
9598,5
9599,0
9600,0
9601,4
9602,2
9603,4
9604,4
9605,0
9606,0
9607,2
9608,3
9609,5
9610,2
9611,4
9612,0
9613,0
9614,0
9615,0
9616,2
9617,2
9618,3
9619,0
9620,5
9621,0
9622,2
9623,3
9624,3
9625,1
9626,4
9627,3
9628,0
9629,0
9824,1
9825,0
9826,1
9827,0
9828,1
9829,3
9830,5
9831,0
9832,4
9833,5
9834,1
9835,0
9836,0
9837,3
9838,4
9839,5
9840,0
9841,3
9842,3
9843,0
9844,2
9845,0
9846,3
9847,3
9848,0
9849,3
9850,2
9851,0
9852,1
9853,2
9854,1
9855,0
9856,0
9857,0
9858,0
9859,0
9860,4
9861,0
9862,0
9863,0
9864,0
9865,2
9866,2
9867,0
9868,5
9869,2
9870,3
9871,0
9872,5
9873,4
9874,0
9875,4
9876,0
9877,0
9878,0
9879,0
9880,0
9881,0
9882,2
9883,2
9884,0
9885,5
9886,2
9887,0
9888,0
9889,0
9890,0
9891,0
9892,1
9893,1
9894,1
9895,1
9896,0
9897,0
9898,5
9899,4
9900,1
9901,1
9902,1
9903,1
9904,1
9905,4
9906,5
9907,1
9908,0
9909,1
9910,4
9911,5
9912,4
9913,0
9914,1
9915,1
9916,0
9917,5
9918,1
9919,0
9920,5
9921,5
9922,4
9923,3
9924,4
9925,0
9926,0
9927,1
9928,4
9929,4
9930,1
9931,0
9932,4
9933,4
9934,2
9935,4
9936,2
9937,5
9938,5
9939,1
9940,0
9941,1
9942,1
9943,0
9944,0
9945,1
9946,1
9947,3
9948,1
9949,5
9950,3
9951,1
9952,1
9953,3
9954,1
9955,5
9956,4
9957,1
9958,4
10018,1
10019,4
10020,3
10021,4
10022,4
10023,5
10024,1
10025,1
10026,1
10027,5
10028,0
10029,4
10030,4
10031,5
10032,2
10033,1
10034,1
10035,4
10036,4
10037,1
10038,0
10039,4
10040,2
10041,1
10042,4
10043,3
10044,5
10045,1
10046,3
10047,5
10048,2
10049,2
10050,2
10051,0
10052,0
10053,4
10054,3
10055,4
10056,4
10057,3
10058,0
10059,2
10060,3
10061,4
10062,4
10063,2
10064,2
10065,2
10066,4
10067,2
10068,0
10069,4
10070,0
10071,5
10072,0
10073,0
10074,2
10434,4
10435,2
10436,0
10437,4
10438,0
10439,4
10440,4
10441,4
10442,5
10443,4
10444,3
10445,0
10446,3
10447,4
10448,4
10449,4
10450,3
10451,0
10452,0
10453,1
10454,4
10455,0
10456,4
10457,1
10458,4
10459,0
10460,3
10461,4
10462,1
10463,0
10464,4
10465,4
10466,2
10467,3
10468,4
10469,4
10470,0
10471,4
10472,4
10473,3
10474,2
10475,4
10476,4
10477,2
10478,4
10479,0
10480,4
10481,4
10482,0
10483,3
10484,4
10485,4
10486,4
10487,4
10488,4
10489,4
10490,3
10491,0
10492,3
10493,3
10494,0
10495,3
10496,2
10497,1
10498,4
10564,4
10565,2
10566,4
10567,3
10568,4
10569,4
10570,2
10571,4
10572,3
10573,4
10574,4
10575,3
10576,1
10577,4
10578,5
10579,1
10580,2
10581,4
10582,4
10583,3
10584,0
10585,0
10586,4
10587,0
10588,3
10589,4
10590,4
10591,1
10592,4
10593,0
10594,5
10595,4
10596,2
10597,2
10598,4
10599,4
10600,4
10601,0
10602,4
10603,2
10604,2
10605,5
10606,0
10607,1
10608,3
10609,2
10610,4
10611,3
10612,0
10613,5
10614,1
10615,1
10616,4
10617,4
10618,1
10619,4
10620,2
10621,4
10622,4
10623,5
10624,0
10625,5
10626,5
10627,2
10628,2
10629,4
10766,3
10767,0
10768,4
10769,3
10770,4
10771,4
10772,0
10773,1
10774,4
10775,4
10776,5
10777,4
10778,2
10779,3
10780,2
10781,2
10782,3
10783,4
10784,4
10785,1
10786,4
10787,1
10788,1
10789,3
10790,0
10791,1
10792,4
10793,4
10794,4
10795,4
10796,5
10797,0
10798,1
10799,4
10800,4
10801,2
10802,1
